LAT,LONG,VALUE
18.46,79.11,1
16.44,76.45,5
17.8443,78.478,9
18.05,78.27,8
16.6667,78.4889,5
15.7,80.24,2
16.49,76.74,5
16.335,79.7007,9
17.59,73.28,10
12.75,78.33,5
19.3419,79.8619,7
17.98,74.43,1
20.31,81.07,4
12.77,75.11,8
20.48,76.41,2
16.22,74.81,4
15.6908,76.8925,2
17.46,78.32,0
17.4633,78.495,0
16.1,78.32,4
17.3333,76.8,0
17.22,78.41,5
12.89,77.51,7
16.55,79.55,5
21.49,80.1333,6
17.34,78.59,6
16.4667,79.4333,5
19.1031,77.9653,6
13.02,77.03,10
21.1,79.05,9
18.57,83.35,8
16.26,77.84,5
17.04,79.28,7
21.1,81.0339,5
12.1333,76.8,7
20.82,81.71,5
21.1581,79.6539,7
19.1167,72.85,10
17.31,73.32,5
19.2,73.86,10
17.86,76.94,2
16.02,80.04,5
17.8883,83.45,5
22.09,82.17,2
18.5167,73.85,10
20.66,81.53,0
16.296743,80.254684,8
15.78451,78.03631,1
18.284462,82.584151,5
15.51046,78.20865,9
13.58921,79.31131,10
14.41285,79.02819,0
13.65158,79.03426,0
14.43952,78.80313,10
15.46902,78.45249,8
15.30335,78.22927,0
14.13501,79.83981,0
13.65401,78.8034,7
15.23113,78.30887,10
14.22162,79.8857,7
13.63506,78.64494,2
15.07979,78.10995,1
14.35195,80.06054,5
13.75429,78.58706,7
15.12456,78.50237,4
15.88029,78.59958,9
17.66,83.16,4
13.73357,78.34023,1
14.62491,78.53948,10
14.68416,80.06685,0
15.83297,78.27241,7
21.5522,81.4,7
14.65182,79.61665,6
14.87355,79.31629,7
13.57194,78.50658,2
15.78161,77.79491,7
13.3717,78.5768,8
14.53945,78.19381,1
15.76102,77.51489,7
13.20173,78.75881,0
13.95594,79.59651,1
18.4,77.4,0
14.37693,78.46051,2
17.42047,82.765412,1
17.522,82.99092,4
21.1031,82.0831,2
15.40513,77.87605,6
13.64062,79.51858,3
14.10869,78.74058,9
17.643149,83.09177,9
15.71326,78.1063,9
17.658939,83.207983,3
17.69429,83.20659,0
13.29253,79.25207,3
17.69887,83.25647,2
13.33525,79.63507,5
13.45384,79.54855,3
16.08882,78.90411,10
17.72815,83.28154,2
17.604765,82.874968,8
16.0333,80.85,1
13.61977,79.42998,1
17.3883,82.66717,1
14.22237,79.27266,7
17.76267,83.31389,2
13.43948,79.11128,3
14.17,77.81,8
14.71037,79.05814,3
17.879343,83.375076,4
14.72243,78.7526,2
18.092138,83.38701,8
14.74765,78.52839,5
18.56393,83.33873,3
14.86791,78.38974,7
18.77247,83.42702,6
18.74239,84.08381,10
18.58836,84.24456,2
18.77001,84.41535,3
19.10489,84.6823,3
18.280434,83.527709,3
17.93638,83.18694,5
18.17172,83.12651,2
18.33773,82.86663,5
14.90165,77.97951,4
16.604836,79.7211,2
14.69633,77.63956,6
17.22404,82.18928,7
21.97,81.24,1
17.43198,81.78743,8
14.42832,77.71088,7
17.03201,81.77594,3
16.94195,81.80444,3
18.13,79.21,1
16.92887,81.6773,10
16.03003,79.30568,0
16.435296,80.565272,5
17.12525,81.27126,9
15.91122,79.07969,1
17.05353,80.98413,6
13.986149,77.15353,10
15.77353,79.27361,3
16.99914,81.20368,1
15.37858,78.93489,0
14.55969,77.11879,9
16.69946,81.09627,5
15.58048,79.76486,5
15.39812,79.50931,3
16.94319,81.39787,10
15.22993,79.89812,10
15.50296,80.02707,3
16.55115,81.545,4
15.15891,77.36866,3
16.43413,81.68762,4
15.15185,77.65334,2
16.74617,81.68145,2
15.82981,80.18311,0
15.98726,80.26838,10
16.58045,81.9951,9
14.91142,77.26768,5
16.83309,82.03886,6
17.01667,82.2493,3
17.08493,82.12774,2
16.466814,80.592,5
16.52208,80.67306,7
16.402103,80.42373,9
14.375,79.73,7
16.564111,80.681727,8
21.1589,81.88,7
16.78637,80.85914,9
16.61401,80.97237,4
12.97,77.5667,7
16.114479,80.188566,8
18.55,73.92,10
16.47022,81.01027,8
16.31962,80.97057,7
16.1834,81.1166,1
16.061929,79.740195,1
16.459383,80.736424,1
16.47303,79.44123,8
16.464315,79.9156,10
16.984822,80.65572,9
16.76022,80.27442,6
17.686144,82.981709,5
17.36422,82.56377,9
17.68957,83.016522,4
18.23738,83.006546,6
17.89239,83.43708,5
17.550777,82.693689,2
17.83982,82.93263,4
17.91984,82.89032,3
17.88828,83.04116,0
18.67,83.95,2
17.680074,82.469337,8
18.01904,83.15207,8
17.863737,82.35657,2
18.140797,83.294945,8
17.863281,82.1979,5
17.6229,82.71605,0
18.28727,83.33708,0
18.0769,83.48189,4
18.067303,83.53144,8
17.7948,82.80053,7
17.901903,82.814726,8
18.20744,83.6919,5
18.24773,83.76381,0
18.27942,83.81352,3
18.1716,83.44407,8
18.30702,84.0421,10
18.21396,83.4687,9
18.153395,82.70529,6
18.49133,83.27915,5
18.48659,83.11319,2
18.014473,82.53042,4
18.65983,83.27035,7
18.51757,84.1473,5
18.85112,83.54517,4
18.368302,82.510988,7
18.84255,84.5034,8
17.46,79.44,4
18.968115,83.66028,10
17.572,82.49693,1
18.90345,84.56093,10
18.286905,82.793465,6
18.997505,84.563943,7
15.01,77.66,7
19.04161,84.66139,6
18.48698,83.33139,5
18.70043,84.43385,4
17.992703,83.337519,1
18.777035,83.87377,3
18.53688,83.9162,9
17.473891,82.938384,8
18.47312,83.77658,10
17.64551,82.9942,4
17.641567,82.23299,3
17.12987,82.25385,8
16.970844,82.03581,2
16.84808,82.16102,6
17.3782,82.36904,0
17.30546,82.3668,8
16.58721,82.14697,1
17.29483,82.10827,7
17.17479,82.06063,2
17.26473,81.85239,6
17.17812,81.83495,0
16.514791,81.986555,3
17.07542,81.90208,5
16.659396,82.012473,8
17.984846,82.97779,5
16.405139,81.797789,3
17.11543,81.42706,6
16.184439,80.34409,4
16.049286,80.39828,2
16.339655,80.29875,5
16.632853,80.11944,2
16.565044,80.35859,0
16.460001,80.25645,5
16.573048,79.87199,1
18.5,73.4,1
16.374683,79.94472,3
16.205662,80.52186,8
16.080524,80.548065,9
16.2202,79.77938,0
16.33043,80.09952,6
17.51,76.19,1
15.2,76.1,4
16.20795,79.66312,2
16.376438,80.51924,3
14.37071,78.32946,1
15.91089,80.00562,0
14.50637,78.24338,10
15.37284,80.04347,2
15.39252,77.49798,10
19.3544,79.2839,2
14.82728,78.87874,5
13.94938,78.6887,5
14.01744,78.52678,2
14.68048,79.15597,0
15.10366,78.93985,1
14.64633,78.76085,4
14.19435,78.68691,0
14.89753,78.31236,5
14.28749,79.11423,7
14.95815,78.4804,4
14.2949,79.26102,1
14.44965,78.23314,4
14.14816,79.19838,2
14.865257,78.581239,1
13.88723,78.76849,4
15.05288,78.87075,4
13.98244,78.90903,4
15.57249,78.52984,0
15.44215,78.13608,3
15.81691,77.67576,0
15.55642,77.54612,7
15.20702,78.44156,7
15.36233,78.42022,9
15.33,77.15605,3
15.49067,77.04297,7
21.29,78.32,8
15.76566,77.13871,2
16.3789,73.3822,6
15.76579,78.29714,1
15.37985,78.28253,6
15.2975,76.3147,0
15.21603,78.12247,2
18.53,73.73,9
15.92699,78.33217,8
15.23939,77.73661,3
15.74906,77.3529,7
15.15212,78.29217,1
18.47,78.86,7
15.09319,78.40539,6
13.65446,78.27177,1
13.0925,78.60764,8
13.69123,79.85411,0
13.22378,78.7312,1
17.50672,78.42137,7
12.80108,78.27408,5
13.81415,78.89841,10
13.40515,79.64318,8
13.2085,79.38782,8
13.92495,78.5386,3
13.29281,78.68667,7
13.39245,79.74057,6
13.36126,79.08716,4
13.55218,79.41838,1
12.90592,78.49048,5
13.36693,78.43496,6
13.48018,78.81243,7
13.28054,79.35152,10
13.87387,78.40976,5
13.25543,79.00717,0
13.67937,79.75839,3
13.6693,79.50684,4
13.5408,79.52441,10
21.21,82.49,5
13.14028,79.026634,5
13.69274,79.58825,2
13.71194,79.12952,0
14.57762,79.40489,4
17.23,73.29,4
14.66828,79.76365,2
14.06323,79.6831,4
14.75813,79.9705,9
14.54151,79.86684,8
14.51265,79.5776,3
14.11891,79.87556,7
14.1075,79.55014,1
20.57,80.74,5
13.81433,79.94926,6
14.84108,79.40407,8
14.87643,79.90515,10
14.83102,79.68134,0
14.98633,79.68163,1
14.03183,80.02825,5
14.41894,79.9624,4
14.01529,79.89959,7
15.015,79.14049,2
13.58339,80.02991,4
14.5694,80.05405,8
14.84219,79.58406,4
15.674,78.95291,1
15.94578,79.95422,5
15.17269,79.28535,2
15.578,79.87051,4
15.7626,79.67696,2
15.83828,79.48106,9
13.66,74.91,10
15.07746,79.90052,1
15.48418,79.37018,3
15.89174,80.30719,3
15.26452,78.99726,0
15.41337,79.8677,0
15.89775,79.58044,0
15.07242,79.71477,10
15.51018,79.6526,0
15.80485,79.82761,3
15.097,79.40559,1
15.81488,79.23054,1
15.73054,79.87875,3
16.00376,79.45388,4
15.16094,80.00831,9
15.80269,80.32491,5
15.99492,80.16933,2
15.31754,79.99336,1
16.60168,81.79766,0
17.2039,81.32417,7
18.54,79.54,2
16.99773,81.66865,3
16.78215,81.17783,7
16.99458,81.50786,2
16.96569,81.23747,4
16.70943,81.54383,10
16.53759,81.44723,1
17.01192,81.73556,2
16.89623,81.00202,9
16.51209,81.74605,1
16.5963,81.54429,3
16.66875,81.01921,0
16.64943,81.7474,10
17.10193,81.13377,0
16.0733,78.8687,6
17.13466,81.66226,8
16.42641,81.60851,5
16.59001,81.46766,2
16.78812,81.70825,1
16.81214,81.40847,7
16.47419,81.74676,10
17.780482,81.28045,1
17.593411,81.226948,7
13.56,77.05,7
17.51532,81.24724,3
14.35353,77.99403,9
14.031335,77.499937,6
13.89294,78.01699,10
14.51811,77.76338,5
14.998007,76.981947,9
14.55919,76.97102,8
14.70235,77.74565,2
14.31382,77.63352,2
13.83744,77.70044,3
15.028714,76.862613,4
14.0884,78.32736,1
16.5858,79.3128,0
14.92287,77.59513,4
14.335278,77.235022,8
14.18445,77.76406,10
22.17,81.05,4
14.28933,77.04206,4
15.02381,77.62133,9
13.98769,78.17572,1
14.71271,77.8046,5
16.8119,81.0106,2
14.02421,77.99581,9
13.8876,77.4669,9
14.94226,77.87196,2
14.76785,77.98006,4
15.05441,77.83236,7
14.31094,77.50543,3
14.55558,77.62477,5
18.0317,79.685,4
14.08583,77.42912,9
13.84412,77.09993,5
14.45687,76.97915,10
14.00681,77.62128,3
17.18,76.5297,7
13.92988,78.19167,6
19.42,77.4,5
14.94705,77.50203,10
14.7132,78.04679,6
17.1,77.66,10
15.2402,79.4017,7
15.66655,79.35259,3
16.15969,79.52962,9
15.1405,78.67329,7
15.29541,77.90155,5
15.23855,77.56787,7
15.93696,77.4234,4
15.30912,77.26528,8
16.109167,80.651634,10
16.032881,80.65699,10
16.329046,80.621445,1
19.09,78.34,3
15.936303,80.687947,6
15.97248,80.60601,9
16.156126,80.584955,9
16.183777,80.73343,3
16.29313,79.57286,6
13.69609,78.70723,8
13.61728,79.73393,5
14.94017,78.23179,8
13.79418,78.27385,5
16.64421,81.965449,4
16.82269,81.7835,1
17.41701,81.91154,1
20.14,76.29,2
17.13461,81.95421,3
17.19248,82.3088,0
16.63283,82.30654,0
16.99835,82.24804,4
16.78895,81.93326,4
16.89778,82.16529,6
17.47628,82.49957,8
17.09224,82.31406,10
16.86676,81.91235,10
17.6003,81.71037,10
16.94318,82.08912,2
17.09224,81.99857,1
16.7262,81.83315,8
16.40382,81.75773,9
17.06362,82.17766,0
17.26009,81.66297,7
16.872633,82.232784,2
17.7542,73.1767,6
17.23782,82.4749,1
17.67645,81.95525,10
16.54643,80.80161,7
16.34575,80.78789,1
16.374133,81.26737,10
16.99725,80.85543,4
16.99011,80.51822,5
16.177403,80.936363,3
13.59,78.53,4
16.674237,80.396755,9
16.00742,81.03068,9
16.36829,81.37354,8
16.4885,81.15352,10
16.05778,80.91321,8
19.3661,78.7753,9
16.8263,80.91705,6
16.77417,80.640218,9
15.9559,80.92007,0
16.49602,80.98866,10
16.262841,81.158777,6
16.42527,80.95857,6
16.91044,80.23937,6
16.85147,80.72673,10
16.584934,80.523797,0
17.6421,81.02519,4
17.749383,81.404683,6
18.02155,83.4899,10
18.013559,83.080342,10
18.25812,83.33638,9
13.21,79.09,5
18.30584,83.56596,10
16.75,77.99,2
18.525928,83.211815,7
18.67132,83.37337,3
17.84909,82.86882,6
17.7932,83.12851,7
18.44668,83.67342,4
13.92617,79.6965,1
14.14511,80.02754,0
14.93504,79.60157,4
17.9247,73.6603,5
14.34843,79.46505,0
18.910215,83.81233,0
18.504827,83.83028,6
18.7683,84.17239,8
18.35374,84.11127,0
18.35069,83.76724,2
18.53308,84.20054,10
18.274,83.90595,7
15.54729,80.19178,9
12.9333,78.25,10
16.23725,80.557014,3
16.13076,80.1351,7
16.661438,79.683685,2
16.120314,80.842926,4
15.964187,80.750674,3
15.88893,80.859526,8
13.75578,79.9778,9
16.519316,80.428055,4
16.02072,79.82684,0
16.746016,80.869234,6
16.73228,80.98984,10
16.12389,80.89295,1
16.64609,80.27948,4
17.01051,80.42947,10
14.19868,79.54078,10
16.633193,80.451183,7
16.57955,81.294364,8
16.252842,81.22413,8
16.411237,81.188893,3
16.98906,82.2474,0
22.17345,76.86633,6
15.95199,80.9671,6
22.85144,75.54219,6
16.83587,80.34117,0
22.66306,76.7423,3
22.34667,77.08895,10
17.03786,80.55832,8
16.04,79.3,9
16.76659,80.43654,6
21.9695,76.69613,1
17.049117,80.762629,7
16.59168,80.88223,1
23.60112,78.33594,7
15.7009,77.22909,9
24.01421,75.35278,0
15.36085,77.32444,10
23.8388,78.7378,3
15.36963,78.21005,8
24.26578,80.76243,6
13.523293,79.361663,2
15.32801,78.02589,1
23.63989,79.06549,4
15.54668,78.57591,7
23.9428,76.1001,4
23.52357,77.81397,9
15.39355,77.84826,8
21.6927,75.098,9
15.67389,78.32431,1
23.76802,81.1265,5
15.45,78.15,6
15.39215,78.50893,9
23.37028,81.0589,5
15.28956,78.35328,2
15.16293,78.34699,2
19.97578,76.50691,9
20.0719,75.1033,7
15.86937,77.30238,2
15.87418,77.93524,8
18.98652,72.81828,8
18.53223,73.85177,1
18.5415,73.79247,8
20.48908,74.02707,4
15.67936,78.17437,5
19.91042,77.56864,7
15.25477,78.17145,4
15.43129,78.3237,0
15.16337,77.7818,5
18.09,78.85,4
15.23964,77.9421,4
15.06555,78.20544,4
15.16433,78.19836,1
18.59,83.76,5
15.47176,77.96919,10
15.32824,78.20072,4
15.51437,77.80777,4
15.7195,78.22245,5
15.46385,78.47697,9
15.03807,78.59291,8
15.47757,77.15782,8
16.23,78.0667,5
14.95389,79.51987,1
14.74816,79.5668,4
15.0073,77.71996,10
14.64342,77.19303,7
14.60909,77.26342,3
14.30171,77.75427,6
14.38104,77.78091,5
14.63218,76.96666,4
13.93968,77.10496,6
16.73,76.79,7
14.61265,76.82164,7
14.48739,77.464,4
14.79136,77.30481,4
13.89109,77.22895,10
13.95974,77.34306,1
14.25772,78.06332,0
14.9549,77.59411,1
14.193774,77.633228,4
14.07695,77.60196,3
14.86744,77.91216,9
18.97,73.04,0
16.9858,73.3283,4
14.54056,77.54468,4
15.05949,77.50401,6
17.74,83.34,3
14.69118,76.97248,3
14.773916,76.839999,8
14.00173,77.43962,4
14.91384,77.68512,4
14.58724,77.9555,4
13.88055,78.21952,3
15.03308,77.9454,0
14.02834,76.99039,2
15.1515,77.51557,8
14.68732,77.67072,7
14.1101,78.14669,8
14.40456,77.19995,3
14.620575,77.790337,2
14.84268,77.2512,3
13.761457,78.159243,2
17.97306,73.82028,7
17.92222,73.83528,8
13.24262,78.92543,10
13.13993,78.9085,1
18.02639,73.715,5
13.52238,79.30247,4
17.43667,74.32528,1
13.17786,79.09811,8
17.16417,74.76917,9
13.43945,78.63049,6
17.88528,74.79333,5
17.88389,74.14417,3
13.11221,79.18964,1
17.08389,74.41444,7
13.12285,79.12229,5
21.88,83.4,5
17.1925,74.18139,0
16.95194,74.60583,1
15.68606,78.17015,0
13.79593,78.74762,2
16.87833,74.35917,10
15.45582,78.15665,7
16.42667,74.75889,5
15.31949,78.22359,5
13.8673,78.92732,5
17.98139,73.67444,0
15.51814,78.34782,2
13.36523,79.3798,8
16.83917,74.06667,6
13.70169,78.50664,8
15.47613,78.48604,0
16.55444,74.31806,7
13.54748,78.45056,6
15.13472,78.51516,5
17.83778,73.70889,8
14.95823,78.59198,0
13.63078,78.55448,3
17.73278,73.60111,3
13.50695,78.54731,9
14.45464,78.82889,6
17.89528,73.71056,5
17.93667,73.57806,7
14.43972,78.85788,8
17.48667,73.81333,5
13.33127,78.71906,3
14.44448,78.82964,6
17.0264,79.02098,8
17.44333,73.73111,2
13.68223,78.13488,8
17.73194,73.76444,2
20.5692,73.6889,2
17.59917,73.86833,6
17.11,80.61,1
16.28611,74.0075,10
13.56729,78.99514,5
16.23806,73.97333,7
13.5424,78.77745,3
17.30083,73.69778,5
14.48462,78.82904,9
17.38861,73.74111,5
13.77698,78.48361,5
16.35278,73.86222,6
14.46798,78.81386,3
15.455,76.5297,8
16.38444,73.865,4
16.35694,74.00667,5
16.33444,73.97,3
13.38217,79.27937,8
14.46446,78.86146,2
16.55194,73.87278,4
16.54889,73.79667,8
14.72389,78.73344,6
12.95274,78.55841,10
16.41361,73.97,1
16.79,80.06,9
13.79154,79.09603,0
16.52417,73.86194,8
13.85485,78.32831,0
16.71194,74.27222,2
13.6079,78.92932,1
16.74583,74.14306,6
12.83921,78.37394,1
16.75778,73.88056,8
13.6889,78.40779,9
16.64111,73.94,7
14.44293,78.63903,9
17.00944,73.87,6
13.62557,79.57071,5
16.90417,74.1125,6
13.62521,79.37408,0
16.88917,73.76194,0
15.06117,79.29074,7
15.37,78.92,6
16.95528,73.85556,10
14.47898,80.15283,10
17.03611,73.9225,6
21.16,73.79,8
17.13806,73.8675,10
17.77152,83.216442,0
16.98083,74.11639,8
14.9015,79.4392,6
14.6255,78.12593,7
17.01472,74.18667,5
17.724399,83.30528,9
17.09722,73.76667,10
17.754213,83.34198,8
17.26472,74.06389,6
14.19968,79.63736,8
17.740365,83.338046,10
13.92856,79.96418,4
17.17472,73.87667,3
17.714874,83.32383,6
17.51306,74.15472,3
14.24444,79.79365,6
17.70181,83.29388,2
17.61611,74.22833,7
14.81473,77.59763,10
17.32694,73.92833,1
17.748827,82.896442,2
14.64522,77.36433,7
17.39639,74.01694,8
18.7911,78.2867,7
17.689822,83.233,9
17.884742,82.979365,10
17.53361,73.89861,10
14.91656,79.97925,1
17.68334,83.24294,8
17.92,77.5167,4
17.64083,73.83806,4
14.42786,79.99717,2
17.68547,83.20394,4
17.67417,74.14222,0
15.06098,77.18033,5
17.42806,73.95444,2
17.867324,82.781465,2
17.71172,83.20523,2
17.79417,73.8275,10
17.75376,83.21719,9
17.395843,82.716655,9
15.46,78.62,7
17.71389,73.80917,6
17.775721,83.216148,10
17.65029,82.60461,10
17.56611,74.04667,0
14.69705,76.85796,5
17.749855,82.702212,7
17.7275,73.91528,10
17.94535,83.18273,0
17.496277,82.736471,8
17.66222,73.90972,5
17.966148,83.175654,7
17.70246,83.00311,9
17.85,73.99278,5
17.07,78.2,1
17.82636,83.39666,0
14.54178,76.95403,1
17.885,73.725,5
17.878661,82.341924,3
18.12498,83.17522,8
16.68083,74.01611,5
17.571001,82.853547,0
17.82301,83.20522,10
17.50528,73.93472,5
18.20291,83.36435,0
17.815441,83.21446,5
17.39694,74.10694,8
13.97688,77.10797,5
17.66,73.91417,3
17.78105,83.26766,8
17.96597,83.41949,4
17.59333,74.19889,3
17.948,83.21108,5
17.76908,83.28301,3
17.26417,74.70667,10
17.04139,74.24194,4
17.76265,83.2998,10
17.23389,73.97806,5
17.761621,83.342836,10
17.23639,74.89167,4
17.76829,83.34257,10
18.93112,83.61144,2
16.915,74.04222,6
16.72694,74.70111,2
16.85139,74.62083,3
17.80522,83.35283,0
17.05889,74.85806,0
18.78289,83.60125,6
17.8196,83.3569,10
15.93667,74.17694,9
17.8448,83.36559,4
16.88649,81.85683,10
17.8743,83.35541,10
16.72611,74.36222,10
17.893187,83.453688,8
17.21637,82.1602,5
16.61333,73.9975,5
17.07662,81.81965,3
16.75567,82.08728,4
15.04793,77.8674,8
17.29434,82.20869,6
17.73478,83.27382,5
17.11566,81.8626,8
17.00375,81.87203,2
14.58937,79.50567,3
17.004671,81.982616,10
17.70371,83.205,10
17.14744,81.71799,3
17.70155,83.20661,6
17.42643,82.52714,4
17.69803,83.16914,9
16.44424,81.98143,9
17.13722,81.90114,8
17.70388,83.165679,10
12.31,76.27,0
17.73813,83.21441,9
18.14249,83.62034,5
17.76711,83.208379,1
18.4573,84.10839,5
17.76005,83.19814,6
18.6347,83.678757,4
17.73126,83.31587,7
17.72405,83.31553,1
18.87286,84.45839,10
17.67454,83.19581,0
18.697568,83.815174,7
18.34471,83.8903,0
17.66749,83.20146,8
18.8978,72.8128,10
14.80602,78.69893,5
17.66499,83.20022,7
17.69024,83.20226,8
14.5474,78.60848,9
17.67257,83.182512,5
14.7515,78.11623,4
17.67924,83.1481,10
17.688725,83.129875,6
14.80088,78.12187,3
17.689913,83.135567,2
14.4332,78.16308,8
17.69581,83.11215,2
17.698874,83.113226,3
14.44823,78.07173,10
17.697901,83.110299,10
14.73386,78.2683,4
17.68228,83.09917,2
14.59837,78.40083,5
17.740441,83.137101,5
14.95361,78.41227,7
15.04128,78.33425,10
14.47285,78.71135,4
15.12523,79.01946,4
16.16678,80.22756,8
14.50963,78.59444,6
16.0865,80.16408,2
14.62182,78.13157,2
17.607502,83.154234,6
14.45603,78.32007,2
14.046512,78.74983,10
14.02279,79.2553,4
14.7098876,79.0576813,6
16.84057,81.92775,5
16.17148,80.16802,5
14.09408,78.94124,0
16.400321,80.131959,2
17.57482,83.15062,2
14.60285,80.02118,7
14.42782,79.97346,1
13.307316,79.608,9
14.87366,79.01984,5
14.43807,78.80586,4
16.821622,81.518752,6
14.41092,79.94971,8
15.412726,79.4839259,6
14.09436,79.22831,8
14.02026,78.64632,9
17.692703,83.011307,1
16.057302,80.568569,9
14.39493,79.95157,5
16.46567,81.50911,3
17.69127,83.00238,5
17.10788,80.91338,0
13.938325,77.264133,5
17.18626,80.99399,8
17.705571,82.996874,0
22.009,81.2243,9
17.03909,81.48946,4
17.700317,82.998456,10
15.868586,78.280589,10
16.86642,81.24604,2
17.682059,83.007161,7
14.41051,79.93184,10
17.08931,81.59702,7
17.1168,81.50719,9
15.132033,77.62974,7
17.70007,83.051545,10
16.430064,80.579054,2
16.95816,81.0664,9
16.297286,80.410342,7
16.39585,81.53585,6
17.01856,81.37917,8
13.411822,79.555132,8
17.69583,83.04741,5
14.29658,80.08984,7
17.54569,82.842524,8
16.35692,81.66276,3
16.76,80.28,10
14.619612,79.624075,6
16.93905,81.57032,10
16.28502,80.4294,0
16.70617,81.49229,10
16.87029,81.16227,2
17.689866,83.074087,10
17.20918,81.51456,8
17.67787,83.05357,3
13.939832,77.274313,2
17.08648,81.0782,3
17.66863,83.04593,7
15.395327,79.52415,10
16.29846,80.44729,3
16.77672,81.63349,1
15.911799,80.481029,1
16.88596,81.48583,1
14.32757,79.92444,7
15.628947,77.290998,2
16.80719,81.31637,8
17.677175,83.061919,4
17.67619,83.07305,1
14.697763,76.851798,6
16.312755,80.417967,10
17.67624,83.0805,9
14.91297,79.54974,2
15.77104,79.92022,10
17.727668,83.291341,8
15.91425,78.97568,9
17.89,83.37,10
15.45541,79.03858,10
17.77591,83.22288,9
17.00512,81.739355,5
16.315634,80.443981,7
17.78122,83.22648,1
16.4335762,80.9929066,3
15.83713,79.39684,9
15.93874,79.14415,5
18.772388,84.413812,5
18.33,73.79,6
19.102429,84.680453,9
17.24786,82.45526,1
18.760903,84.415805,9
15.57386,79.53267,8
15.55328,79.42935,8
15.7385,80.07418,4
17.768431,83.236342,3
14.9562582,77.5989574,9
17.1994,82.18117,10
17.75,83.19,7
15.74224,79.39561,8
16.075944,80.554303,10
14.98632,79.68026,4
17.113279,82.256207,7
17.808134,83.210673,5
15.92511,80.07708,6
13.557268,78.505012,1
17.0848,82.32309,8
18.575311,83.339963,8
15.6535,80.06775,10
17.82418,83.20341,2
15.1746,79.44331,8
16.287834,80.45963,8
14.701565,76.860123,9
17.10855,82.24815,1
15.89356,79.25932,2
17.88795,83.04005,4
17.05,78.66,9
14.842153,78.385788,6
14.87788,79.30194,5
17.0587,82.1699,0
18.1417,83.415,3
17.78254,83.20106,10
15.2115135,79.9349621,7
14.68932,79.35186,2
15.79043,79.19368,10
15.4270423,79.4984293,2
15.25916,80.07231,3
15.39327,79.95068,7
16.916193,81.673261,8
16.95372,82.23128,10
17.71681,83.2879,6
15.59525,79.26653,6
16.806616,81.548705,7
16.02789,79.36016,7
17.00552,81.80783,5
16.829373,82.020395,1
16.068577,80.537857,10
16.94763,82.12469,10
15.775068,77.803185,3
15.5524,80.05353,10
14.18449,79.73902,2
16.763178,80.289055,2
15.686521,79.176576,6
15.979964,80.629962,8
15.8564,79.19193,4
16.529665,81.54052,5
16.90779,82.00056,9
15.18775,80.05485,6
17.01992,81.80754,10
15.26034,79.32515,10
15.78781,79.66163,5
17.81944,83.36151,5
14.693468,76.859527,6
15.22682,79.93349,7
17.83781,83.36272,2
15.3953368,79.5155619,4
15.33692,79.24228,8
18.760465,84.419546,4
15.41929,79.38666,0
16.73847,81.91942,5
14.46951,80.08506,9
16.363112,80.837488,2
15.211442,79.89793,0
16.323233,80.629524,10
16.1792,80.92978,6
17.81648,83.33809,5
17.351187,82.536992,4
16.531004,79.64212,10
17.80034,83.34704,6
16.763461,81.842032,10
14.147415,79.84175,10
15.91828,80.48313,10
17.057299,82.162732,7
17.02746,81.80655,1
16.83206,81.99403,8
16.933005,81.95468,5
17.781926,83.359655,1
15.5839025,79.8722125,9
17.04695,82.12094,9
17.103267,82.221459,1
14.03096,80.04121,5
16.896043,81.668518,6
17.466504,82.793964,5
17.63511,82.80157,7
17.765795,83.357025,8
12.55,75,6
16.81503,81.52733,7
18.439479,83.635278,4
13.95282,80.06695,4
16.479971,80.614244,1
17.02344,80.72744,7
17.754753,83.338104,10
16.88482,80.64243,7
14.6976,76.85108,0
16.889883,80.091195,1
16.721003,80.621657,2
16.639824,80.333451,10
15.3798867,79.4928636,9
16.78677,81.52894,2
13.89598,79.884671,1
16.55882,80.83414,1
16.02557,80.531364,5
14.700001,76.856878,9
16.82095,81.41956,4
15.810885,79.970123,5
17.74866,83.24897,6
15.603087,77.267952,4
17.75312,83.24724,2
13.78035,79.72834,0
17.17355,81.69411,10
13.50246,79.99539,9
17.744909,83.233531,9
15.5850194,79.8743217,1
16.72622,81.41762,4
13.32964,79.69894,10
15.844293,78.259545,3
17.75959,83.1954,2
13.30928,79.25435,6
16.591387,79.74202,3
16.6893,81.46507,10
15.7411554,79.2558716,2
13.17985,78.63698,7
17.80993,83.20512,7
13.363775,78.527731,3
15.369717,78.919568,4
15.772413,77.805995,9
14.06908,78.74034,5
15.22718,79.901425,3
15.90159,79.17154,10
17.8086,83.20154,4
16.53664,81.40577,1
16.063267,80.32738,6
13.1965581,78.7633154,8
16.639394,80.600124,8
14.118475,78.156433,1
16.324429,80.09452,0
21.2833,78.01,6
14.848143,77.327141,0
13.64173,79.50192,8
19.113625,84.67672,0
14.04661,77.43674,2
17.31023,81.67844,1
17.22112,80.29381,10
13.30693,79.12099,10
16.58624,81.3882,8
18.291109,83.90402,9
12.77168,78.41892,1
17.73754,83.31298,7
18.309042,83.88983,4
16.901504,80.079775,7
13.33424,79.87326,7
17.74398,83.32098,0
14.63145,79.637678,1
13.3369,79.8694,4
17.742984,83.338732,10
18.525826,83.218453,2
17.730322,83.340185,2
13.32079,79.54273,1
15.585947,79.855018,0
17.0279189,81.7278311,6
17.721825,83.33606,1
16.70619,81.09857,4
19.1,72.99,8
13.4095,79.44132,6
16.95299,82.16984,7
14.739563,79.060587,1
16.523584,81.726747,6
17.13434,82.34672,9
13.30996,79.35646,10
17.96289,83.35008,8
15.929083,80.605517,2
17.76758,83.24811,3
17.66406,82.626297,5
16.004194,80.812898,8
17.09997,81.07454,9
14.68052,79.04992,0
12.3828,77.0589,0
16.95177,80.98918,5
14.72226,79.01931,2
16.47585,79.438685,5
16.500865,80.651362,0
13.16177,79.03954,7
14.63038,78.6867,5
18.73,73.84,9
17.09642,81.54489,9
15.856733,78.266636,4
16.50419,80.67046,4
16.098292,80.160395,0
16.067256,80.549858,10
16.48521,80.66676,8
17.749258,81.39032,7
13.814962,77.503265,4
16.50232,80.62591,8
17.585391,81.24951,10
15.108895,77.640422,6
17.074575,82.137319,5
16.59204,80.52562,3
15.8204,78.04814,10
15.3893735,79.5336842,2
14.964737,77.596143,9
16.895296,80.096195,2
16.98338,80.2398,3
14.60306,79.61896,6
16.87114,80.7334,2
16.02528141,80.84418704,8
16.64545,80.96771,9
16.513671,80.889985,6
18.5,73.9,4
15.54891,80.14836,2
13.2374,79.11882,9
15.53942,80.06683,9
15.37525,80.04347,8
16.99142,81.77649,0
15.31019,79.98872,4
18.47,73.78,6
18.35075,84.00296,0
16.22061,81.0847,2
18.3306,84.06242,6
13.19988,79.0916,8
19.10859,84.61334,6
16.491431,79.894303,4
16.3474,80.785,5
18.7185,84.04263,2
13.18208,79.09624,7
16.772142,80.270192,5
18.1318,83.62031,9
16.46567,80.71669,3
18.984471,84.476531,5
18.979787,84.474709,10
16.914374,81.811491,4
18.31444,83.88699,10
14.38933,77.707994,3
14.55,77.11,7
14.110078,78.165506,0
12.65,76.4878,8
16.4749,81.83681,0
13.35923,78.563182,4
18.57,76.01,1
15.8783193,78.5807577,7
16.50635,81.92331,4
17.84811,83.36403,9
14.110107,78.165133,1
13.2171,79.10667,10
17.552647,83.10691,2
17.432829,82.79355,1
16.73443,82.04259,3
18.451195,83.646008,10
18.067552,83.531198,4
16.40442,81.49138,4
13.23746,79.0879,8
16.793813,81.527912,9
16.796385,82.170665,8
15.806603,79.973703,7
17.21402,81.63562,10
16.55198,80.65963,2
16.5276,80.79317,8
15.134891,78.504835,8
17.1220728,81.2837357,1
13.23471,79.1019,8
17.07421,80.98979,5
14.060553,78.749922,8
16.53752,80.65252,2
16.536247,80.639655,8
15.46382,78.47679,7
14.432132,77.733795,9
15.385867,78.935125,2
17.15734,82.28915,7
15.73255,79.26646,2
16.536073,80.615188,5
16.767991,80.284688,3
12.90054,78.48354,7
17.870464,82.35048,5
13.37127,78.574362,1
18.337686,82.866471,8
16.50707,80.627418,1
15.780043,77.797418,5
13.822,78.44861,1
18.596129,83.766304,6
13.5407,78.90448,4
14.4381,78.80579,8
16.3528213,80.842492,5
15.0163,79.14204,6
13.59748,78.53024,3
17.90061,83.18996,6
13.95,79.62,9
15.48946,80.05408,1
13.63535,79.54454,4
18.57359,83.345914,6
16.43637,81.69413,9
18.9,83.46,10
18.1107,83.13817,5
14.11006,78.14666,2
16.80826,81.517361,10
14.726862,79.03671,6
17.04,76.8,3
13.65124,79.45231,3
13.63661,79.42247,4
15.3746837,78.9105585,0
13.54875,79.39964,0
18.079102,83.45848,3
17.287188,82.111122,7
18.25692,83.33665,2
14.17101,79.33089,6
17.676854,82.594788,9
18.37198,83.39136,4
14.556827,77.110315,6
17.648042,82.630014,3
18.411498,83.469,1
15.49639,80.01091,10
15.389327,79.534033,10
15.47124,78.62402,0
13.450075,79.574612,6
15.174623,79.93101,5
18.61216,83.52835,9
15.209421,79.893471,7
15.54465,79.94385,5
15.215753,79.949252,0
21.2167,81.6667,6
18.97733,83.66272,8
15.2064762,79.9128952,2
15.218685,79.869917,6
15.221209,79.9211323,7
18.78604,83.60155,9
15.17047,79.938992,8
17.519712,82.872864,6
15.99999,80.02686,7
15.140875,78.52252,3
18.52885,83.79906,10
18.548553,83.718254,7
13.415883,79.532715,10
17.570249,82.849301,8
15.47974,80.0952,3
15.160517,78.522098,2
18.97961,84.58545,2
15.51145,80.09331,1
18.94624,84.5874,2
15.4844,80.0851,9
15.1533097,78.484754,3
14.604266,79.65182,10
23.18,83.71,6
18.77684,84.40642,1
16.637267,82.116667,8
15.134403,78.501023,6
15.50584,80.03161,1
17.557249,82.858609,6
14.718722,78.784798,8
18.41769,84.0467,7
16.625165,82.089964,9
18.33154,84.05565,9
16.078575,78.91419,10
14.738028,78.746118,3
18.62061,83.93975,3
17.274555,82.10741,2
14.729505,79.060273,7
18.23541,83.70169,10
15.5396,80.06821,7
15.5323,80.04954,4
14.719478,78.73398,5
21.31,82.98,4
16.922481,81.963234,2
18.09192,83.54402,10
19.94,73.53,4
15.46995,80.06498,8
16.646507,82.121828,10
17.00843,81.77053,10
13.934301,79.58286,0
15.45666,80.04882,4
16.621718,82.114648,9
17.0112,81.77782,3
17.07478,81.90316,9
16.957,82.23783,1
16.424169,80.568922,5
14.733809,78.770888,0
16.97652,82.23015,1
15.46043,80.03913,1
15.46145,80.03494,6
16.9804,82.23928,8
16.99601,82.243,3
14.04703,78.749903,10
15.47599,80.01452,7
17.05552,82.25486,2
13.556688,78.499212,10
15.44624,80.16,9
14.42595,78.231973,3
15.49998,80.04579,3
17.649399,82.221195,9
14.643935,78.535162,1
15.21822,79.90752,3
17.91729,82.81794,2
14.962399,77.597492,3
14.429753,77.714202,2
17.786305,82.875966,3
15.59553,79.60392,5
13.386525,78.582247,2
17.63108,83.08483,9
13.35,74.75,6
17.56144,82.97792,0
15.12465,77.63247,3
17.68935,83.00037,2
16.4819,79.8897,0
15.45592,78.96383,8
17.11106,82.255239,8
17.051667,82.164673,0
15.90794,79.09654,6
13.201959,78.745008,8
14.16939,77.81128,5
16.11899,79.9594,8
13.825297,77.499365,4
15.2150932,79.9042975,8
16.192097,79.686719,0
17.47952,82.49576,7
13.838933,77.486876,7
17.38156,82.37417,10
14.1981273,79.1542813,10
14.714428,76.863341,9
16.28881,80.25713,5
18.390229,83.90111,7
17.14249,81.66333,6
15.620756,77.234841,3
18.402862,83.90581,9
13.89269,78.09981,0
14.645042,77.539588,10
15.775295,77.805198,1
14.68444,77.51938,5
16.1830411,81.1320796,6
14.5953,77.3784,9
15.9063824,80.4715144,0
14.46096,77.80734,6
14.836577,78.393635,7
14.66502,77.07869,5
14.747086,78.543542,1
14.73041,77.07095,9
14.964771,77.081832,6
16.900148,81.673775,9
14.33411,77.71411,1
18.106011,83.429554,6
13.9082,77.80663,7
14.804871,76.894219,5
14.907524,76.876608,9
14.37187,77.81989,4
14.42915,77.68782,7
14.430585,77.707924,5
18.433861,83.882372,2
14.10045,78.224217,7
15.619683,77.281165,7
14.02124,78.27337,7
14.78552,77.55865,1
16.391839,80.140818,2
14.871367,77.457267,9
15.08856,77.57283,7
16.3929093,80.1469924,0
15.19158,77.637522,8
15.11168,77.74428,3
13.55182,78.505332,8
13.3705,78.572415,10
13.95971,77.67429,8
14.002705,77.833524,7
15.376695,78.923715,2
14.633,76.791583,4
15.01806,77.54081,7
16.384232,80.15234,6
15.616133,77.2560087,1
15.19475,77.4269,9
15.1651,77.57597,2
13.90581,77.61109,4
14.69797,77.30251,0
16.857298,82.03447,9
16.789913,80.8316108,5
14.17507,78.12123,7
14.46245,77.15357,5
16.84029,82.026171,7
14.55354,77.260248,5
14.35744,77.31771,3
14.4722,77.30935,3
14.42571,77.35941,2
14.37691,77.48379,6
17.66997,82.608865,7
14.886367,77.089933,5
14.852149,76.979173,7
16.7861016,80.848167,10
17.017214,81.726472,7
14.764167,76.994817,9
14.841033,77.151733,7
14.25998,77.77366,10
16.744231,81.673316,9
14.21908,77.72512,9
14.393619,77.112343,6
13.75924,77.57424,1
14.01411,77.31017,0
16.4320745,80.9821757,5
14.422669,77.978931,6
14.28988,78.11151,4
16.363119,80.8523369,5
14.6836,75.36,5
14.35648,78.11374,1
14.38764,77.90776,3
13.953101,79.584961,2
14.049901,78.14563,5
14.01928,78.39556,2
16.250628,80.649781,2
14.16511,78.34702,5
18.180297,83.44,9
14.671652,77.859569,10
14.04783,78.02694,0
21.58,83.08,5
14.0123,78.06883,0
15.4068927,79.5017497,4
14.906231,77.778642,5
14.945493,77.58974,7
17.52,78.89,8
14.11708,77.61842,0
15.5812467,79.8695418,1
14.275352,77.901783,1
18.602916,83.754446,0
14.069283,77.715967,4
14.05586,77.77275,3
14.248887,77.378723,1
14.3299,77.59105,10
14.089256,77.492529,10
14.50385,77.06312,9
14.73499,79.058907,9
14.376692,76.923223,0
18.6,84.22,0
14.791705,77.788468,10
14.8178,77.75983,8
15.166338,77.41793,8
14.52132,77.86657,7
14.057028,78.74749,2
16.4815075,80.6032411,8
14.99283,78.01566,5
14.411873,78.215933,10
14.94471,78.09175,1
14.87325,78.07362,1
16.904991,80.101553,5
16.063468,80.556883,3
14.903731,77.304897,0
15.01455,77.30461,2
15.10748,77.36403,5
15.116471,77.239828,4
13.749423,79.690745,9
17.65842,82.632352,10
14.66938,77.97608,8
14.59901,79.09043,2
14.82674,78.95128,8
14.88106,78.92912,8
18.125748,83.413957,4
14.03847,79.36167,4
14.58737,79.16986,4
15.366395,79.484603,3
14.82226,79.06236,4
14.76291,78.4425,8
14.13528,78.65982,4
15.4087612,79.5081521,6
14.84497,78.28915,7
14.30658,79.2457,4
15.782582,77.802798,10
18.509917,83.197016,9
14.88992,78.49066,3
14.42789,78.58531,1
14.93403,79.03062,4
14.71219,78.59204,3
13.80415,77.497975,5
18.191558,83.442724,9
13.98126,78.83564,3
14.67784,78.19849,3
14.60494,78.27469,8
16.43412,80.57464,8
14.41832,78.38374,0
16.564002,80.25525,10
15.115903,77.634685,3
16.490452,80.391448,7
18.272514,83.901699,7
17.122163,81.30378,8
16.528883,80.006867,5
16.548319,79.968265,9
16.34558,79.64386,7
13.454137,79.542235,10
16.283483,79.6491,2
16.125661,79.654496,2
14.696787,76.856788,2
16.154733,80.099969,4
17.666196,82.616338,9
16.331475,80.389002,2
16.488902,79.9029883,2
16.86859,81.910859,0
16.611543,79.657445,3
16.005144,80.439284,2
16.370767,80.0276,4
13.3067,79.579067,10
16.405049,79.877074,3
15.992851,79.67335,7
17.562363,82.876859,8
16.505631,80.32012,5
14.411918,78.215808,1
13.343183,79.57773,9
16.518498,79.827668,0
16.123567,80.48975,9
14.419918,78.225213,3
14.186692,79.156087,7
16.54997,79.55153,4
16.23705,79.86782,10
14.726356,78.740937,8
16.179272,79.977647,0
16.355188,80.208275,6
17.027546,81.7278741,5
16.457985,80.15934,10
16.434633,80.362367,7
17.103131,82.248312,9
14.843318,78.381045,0
16.234141,80.399419,8
13.90287,79.888545,5
15.230845,79.872542,7
16.33961,81.12594,1
16.7652,80.37244,5
15.48071,77.23671,4
14.716823,79.059295,2
15.53441,77.43822,9
17.009276,81.72555,4
15.32984,78.27431,3
15.902671,80.455812,5
15.40263,78.06974,2
15.88155,77.64968,10
15.16144,77.2388,7
17.283009,82.108709,5
17.08364,82.126091,1
15.63411,77.53812,6
15.56462,78.43114,1
15.21959,77.1936,6
18.435994,83.663035,9
15.41456,77.12485,9
15.57873,77.15071,5
15.377747,78.92207,9
14.430034,78.246173,4
15.63047,77.83606,4
15.11276,78.1193,8
15.0248,78.16506,5
15.91945,77.19391,3
17.685976,82.602773,8
15.9124,78.46929,6
15.81264,77.082,6
15.61,76.0122,4
15.85197,77.17703,3
14.700462,76.855323,10
15.69948,77.11728,5
15.15333,77.374547,6
18.32,82.87,3
16.9532,81.969711,3
15.57456,77.74511,2
17.6585,82.591439,3
15.47095,77.71619,10
15.7237738,79.2984365,3
15.28851,77.50223,1
15.81419,77.31606,2
17.4958,78.3908,6
15.3658433,78.9203866,0
15.89964,77.38566,10
16.43054,80.569168,9
13.43055,79.536372,6
15.17413,78.0402,6
15.74145,78.46097,2
15.44785,78.417117,5
16.0918956,80.1662231,2
15.141982,77.625032,4
15.4754,77.52343,7
15.26197,77.69794,9
15.29133,77.80683,3
15.79763,77.2261,7
15.846679,80.351777,9
15.74315,77.28823,9
15.2319,78.51644,1
15.20987,78.23024,10
15.00301,78.39156,10
14.721867,79.059818,1
17.5,78.56,2
15.2819,78.46566,8
18.57174,83.373968,1
14.697452,76.848387,9
15.4868155,78.4833082,6
15.03931,78.44175,9
18.577994,83.362146,9
15.81983,77.58195,7
14.415628,78.212408,7
14.6589,79.55325,3
15.7730374,77.8040327,6
14.5109,79.6188,0
14.12091,79.95796,3
17.068524,82.143989,0
16.811508,81.535033,0
13.9366,80.13547,10
13.85864,80.04,10
16.5,80.62,4
14.01733,79.54111,1
13.79755,80.0126,0
14.838,79.89408,6
17.095606,82.141971,4
14.76555,79.79381,9
14.47767,79.49483,2
15.3755582,78.9213485,4
16.054052,79.74044,9
14.96299,79.7616,7
15.1482412,78.4861595,0
14.08672,80.09847,2
18.085399,83.388093,10
14.20231,79.94927,1
13.92138,79.8134,2
14.47173,79.89218,2
14.45213,80.04565,1
14.45293,79.82974,1
14.00574,79.75504,6
18.12081,83.387716,1
14.4189,79.66381,10
14.381863,78.216045,9
14.46453,79.72541,5
18.6,84.23,2
14.50721,79.76733,8
14.200917,79.161731,4
14.29244,79.50328,7
14.63633,79.83254,7
14.083128,78.756153,4
14.29864,79.71683,5
14.238,79.655,9
17.147026,82.279,10
14.13364,79.71361,4
16.789029,80.27529,9
14.38304,80.12475,4
15.741397,79.268767,1
14.93951,79.36308,7
15.00081,79.31655,9
16.78883,80.8473964,5
13.87282,79.64913,1
14.89,75.54,5
14.02484,79.62553,3
14.58653,80.14289,9
16.69,79.92,2
16.2705969,81.1599055,8
14.95474,79.49276,6
14.7437,79.06264,1
15.90907,79.95282,5
15.42166667,79.13416667,4
15.126685,78.517698,1
15.75683,79.73843,3
17.558738,82.88834,9
15.76881,79.58624,1
14.754732,78.766663,7
15.84034,79.67412,4
15.7627,79.49029,1
15.781465,77.490287,10
15.28768,78.89314,0
15.01504,79.86105,5
15.02145,80.02366,2
15.43072,79.30756,4
15.90093,80.19295,6
15.75715,80.13277,7
15.13991,79.92508,0
15.33946,79.62806,7
15.34358,79.52034,5
15.33023,78.97506,7
15.70476,79.47375,9
15.43877,79.79838,5
15.10632,79.79042,5
15.65663,80.0105,6
15.4755,79.7088,7
15.90936,79.81265,7
15.80508,79.76547,0
15.85424,79.79512,0
15.6998,80.17659,4
15.45314,80.00637,0
15.11622,79.36768,9
15.1031,79.57284,8
15.19847,79.57923,4
15.55185,79.78279,1
15.33594,79.73586,3
16.11005,79.51646,10
15.33459,79.40755,1
15.1779,79.81474,8
15.34842,79.82521,5
17.75359,82.9804,1
17.87676,83.27718,5
18.232839,83.122228,3
18.30855,82.970507,10
17.755172,82.555905,9
17.668952,82.335678,7
17.637344,82.7937,6
17.429315,82.636982,2
17.551573,82.587745,7
17.70603,83.119371,9
17.794762,82.800555,2
18.28293,83.46876,9
18.21,83.546,3
18.6101,83.17755,7
18.43086,83.5746,1
21.16,78.41,0
15.2167,79.9,0
18.27,73.23,6
20.7,81.23,6
